Designator,Mid X,Mid Y,Rotation,Layer
D1,238.815,-109.3925,90.0,bottom
D10,67.365,-109.3925,90.0,bottom
D11,72.1275,-128.4425,90.0,bottom
D12,95.94,-128.4425,90.0,bottom
D13,114.99,-128.4425,90.0,bottom
D14,134.04,-128.4425,90.0,bottom
D15,153.09,-128.4425,90.0,bottom
D16,172.14,-128.4425,90.0,bottom
D17,191.19,-128.4425,90.0,bottom
D18,210.24,-128.4425,90.0,bottom
D19,229.29,-128.4425,90.0,bottom
D2,219.765,-109.3925,90.0,bottom
D20,248.34,-128.4425,90.0,bottom
D21,267.39,-128.4425,90.0,bottom
D22,286.44,-128.4425,90.0,bottom
D23,257.865,-109.3925,90.0,bottom
D24,276.915,-109.3925,90.0,bottom
D25,295.965,-109.3925,90.0,bottom
D26,315.015,-109.3925,90.0,bottom
D28,74.50875,-147.4925,90.0,bottom
D29,100.7025,-147.4925,90.0,bottom
D3,200.715,-109.3925,90.0,bottom
D30,119.7525,-147.4925,90.0,bottom
D31,138.8025,-147.4925,90.0,bottom
D32,157.8525,-147.4925,90.0,bottom
D33,176.9025,-147.4925,90.0,bottom
D34,195.9525,-147.4925,90.0,bottom
D35,215.0025,-147.4925,90.0,bottom
D36,234.0525,-147.4925,90.0,bottom
D37,253.1025,-147.4925,90.0,bottom
D38,272.1525,-147.4925,90.0,bottom
D39,291.2025,-147.4925,90.0,bottom
D4,181.665,-109.3925,90.0,bottom
D40,322.15875,-147.4925,90.0,bottom
D41,357.8775,-147.4925,90.0,bottom
D42,79.27125,-166.5425,90.0,bottom
D43,110.2275,-166.5425,90.0,bottom
D44,129.2775,-166.5425,90.0,bottom
D45,148.3275,-166.5425,90.0,bottom
D46,167.3775,-166.5425,90.0,bottom
D47,186.4275,-166.5425,90.0,bottom
D48,205.4775,-166.5425,90.0,bottom
D49,224.5275,-166.5425,90.0,bottom
D5,162.615,-109.3925,90.0,bottom
D50,243.5775,-166.5425,90.0,bottom
D51,262.6275,-166.5425,90.0,bottom
D52,281.6775,-166.5425,90.0,bottom
D53,307.87125,-166.5425,90.0,bottom
D54,334.065,-166.5425,90.0,bottom
D56,69.74625,-185.5925,90.0,bottom
D57,93.55875,-185.5925,90.0,bottom
D58,117.37125,-185.5925,90.0,bottom
D59,188.80875,-185.5925,90.0,bottom
D6,143.565,-109.3925,90.0,bottom
D60,257.865,-185.5925,90.0,bottom
D61,276.915,-185.5925,90.0,bottom
D62,295.965,-185.5925,90.0,bottom
D63,315.015,-185.5925,90.0,bottom
D64,334.065,-185.5925,90.0,bottom
D65,353.115,-185.5925,90.0,bottom
D7,124.515,-109.3925,90.0,bottom
D8,105.465,-109.3925,90.0,bottom
D81,305.49,-128.4425,90.0,bottom
D82,334.065,-128.4425,90.0,bottom
D9,86.415,-109.3925,90.0,bottom
J1,202.100275,-78.8795,0.0,top
J2,329.8725,-75.3025,90.0,top
ON1,369.8725,-75.3025,90.0,top
SW1,62.285,-107.0375,0.0,top
SW10,233.735,-107.0375,0.0,top
SW11,252.785,-107.0375,0.0,top
SW12,271.835,-107.0375,0.0,top
SW13,290.885,-107.0375,0.0,top
SW14,309.935,-107.0375,0.0,top
SW15,67.0475,-126.0875,0.0,top
SW16,90.86,-126.0875,0.0,top
SW17,109.91,-126.0875,0.0,top
SW18,128.96,-126.0875,0.0,top
SW19,148.01,-126.0875,0.0,top
SW2,81.335,-107.0375,0.0,top
SW20,167.06,-126.0875,0.0,top
SW21,186.11,-126.0875,0.0,top
SW22,205.16,-126.0875,0.0,top
SW23,224.21,-126.0875,0.0,top
SW24,243.26,-126.0875,0.0,top
SW25,262.31,-126.0875,0.0,top
SW26,281.36,-126.0875,0.0,top
SW27,300.41,-126.0875,0.0,top
SW28,328.985,-126.0875,0.0,top
SW29,69.42875,-145.1375,0.0,top
SW3,100.385,-107.0375,0.0,top
SW30,95.6225,-145.1375,0.0,top
SW31,114.6725,-145.1375,0.0,top
SW32,133.7225,-145.1375,0.0,top
SW33,152.7725,-145.1375,0.0,top
SW34,171.8225,-145.1375,0.0,top
SW35,190.8725,-145.1375,0.0,top
SW36,209.9225,-145.1375,0.0,top
SW37,228.9725,-145.1375,0.0,top
SW38,248.0225,-145.1375,0.0,top
SW39,267.0725,-145.1375,0.0,top
SW4,119.435,-107.0375,0.0,top
SW40,286.1225,-145.1375,0.0,top
SW41,317.07875,-145.1375,0.0,top
SW42,352.7975,-145.1375,0.0,top
SW43,74.19125,-164.1875,0.0,top
SW44,105.1475,-164.1875,0.0,top
SW45,124.1975,-164.1875,0.0,top
SW46,143.2475,-164.1875,0.0,top
SW47,162.2975,-164.1875,0.0,top
SW48,181.3475,-164.1875,0.0,top
SW49,200.3975,-164.1875,0.0,top
SW5,138.485,-107.0375,0.0,top
SW50,219.4475,-164.1875,0.0,top
SW51,238.4975,-164.1875,0.0,top
SW52,257.5475,-164.1875,0.0,top
SW53,276.5975,-164.1875,0.0,top
SW54,302.79125,-164.1875,0.0,top
SW55,328.985,-164.1875,0.0,top
SW56,64.66625,-183.2375,0.0,top
SW57,88.47875,-183.2375,0.0,top
SW58,112.29125,-183.2375,0.0,top
SW59,183.72875,-183.2375,0.0,top
SW6,157.535,-107.0375,0.0,top
SW60,252.785,-183.2375,0.0,top
SW61,271.835,-183.2375,0.0,top
SW62,290.885,-183.2375,0.0,top
SW63,309.935,-183.2375,0.0,top
SW64,328.985,-183.2375,0.0,top
SW65,348.035,-183.2375,0.0,top
SW7,176.585,-107.0375,0.0,top
SW8,195.635,-107.0375,0.0,top
SW9,214.685,-107.0375,0.0,top
U1,354.5625,-100.1825,270.0,top
